Deductible,10000,,Avg. Payment,2636.00,,Average Amount paid,2636.00,,Damage Amount,Probability,Cum Prob,Lo,Hi,Lo,Damage Amount,,,Policy 1,Policy 2,
Prob. of accident,0.3,,Std Dev,3401.43,,Std Dev,3401.43,,2000,0.3,0.3,0,0.3,0,2000,,Average Amount paid,2636.00,2644.00,
Yearly Premium,820,,,,,,,,4000,0.2,0.5,0.31,0.5,0.31,4000,,Std Dev,3401.43,1893.37,
,,,,,,,,,8000,0.1,0.6,0.51,0.6,0.51,8000,,,,,
Iteration,Random nos to  check whether accidents occur ,Accident,Random nos to find the damage amount,Damage,Amount paid,,,,12000,0.2,0.8,0.61,0.8,0.61,12000,,,,,
1,0.37,No,0.16,0.00,820.00,,,,20000,0.2,1,0.81,1,0.81,20000,,,,,
2,0.16,Yes,0.26,2000.00,2820.00, ,,,,,,,,,,,,,,
3,0.87,No,0.99,0.00,820.00,,,,,,,,,,,,,,,
4,0.43,No,0.58,0.00,820.00,,,,,,,,,,,,,,,
5,0.73,No,0.67,0.00,820.00,,,,,,,,,,,,,,,
6,0.69,No,0.06,0.00,820.00,,,,,,,,,,,,,,,
7,0.46,No,0.33,0.00,820.00,,,,,,,,,,,,,,,
8,0.14,Yes,0.89,20000.00,10820.00,,,,,,,,,,,,,,,
9,0.54,No,0.01,0.00,820.00,,,,,,,,,,,,,,,
10,0.03,Yes,0.21,2000.00,2820.00,,,,,,,,,,,,,,,
11,0.09,Yes,0.72,12000.00,10820.00,,,,,,,,,,,,,,,
12,0.81,No,0.40,0.00,820.00,,,,,,,,,,,,,,,
13,0.78,No,0.80,0.00,820.00,,,,,,,,,,,,,,,
14,0.73,No,0.19,0.00,820.00,,,,,,,,,,,,,,,
15,0.41,No,0.57,0.00,820.00,,,,,,,,,,,,,,,
16,0.49,No,0.14,0.00,820.00,,,,,,,,,,,,,,,
17,0.94,No,0.58,0.00,820.00,,,,,,,,,,,,,,,
18,0.02,Yes,0.94,20000.00,10820.00,,,,,,,,,,,,,,,
19,0.43,No,0.75,0.00,820.00,,,,,,,,,,,,,,,
20,0.34,No,0.44,0.00,820.00,,,,,,,,,,,,,,,
21,0.73,No,0.00,0.00,820.00,,,,,,,,,,,,,,,
22,0.78,No,0.66,0.00,820.00,,,,,,,,,,,,,,,
23,0.83,No,0.40,0.00,820.00,,,,,,,,,,,,,,,
24,0.01,Yes,0.58,8000.00,8820.00,,,,,,,,,,,,,,,
25,0.17,Yes,0.28,2000.00,2820.00,,,,,,,,,,,,,,,
26,0.27,Yes,0.47,4000.00,4820.00,,,,,,,,,,,,,,,
27,0.94,No,0.44,0.00,820.00,,,,,,,,,,,,,,,
28,0.01,Yes,0.64,12000.00,10820.00,,,,,,,,,,,,,,,
29,0.66,No,0.16,0.00,820.00,,,,,,,,,,,,,,,
30,0.16,Yes,0.64,12000.00,10820.00,,,,,,,,,,,,,,,
31,0.77,No,0.71,0.00,820.00,,,,,,,,,,,,,,,
32,0.32,No,0.08,0.00,820.00,,,,,,,,,,,,,,,
33,0.16,Yes,0.83,20000.00,10820.00,,,,,,,,,,,,,,,
34,0.29,Yes,0.66,12000.00,10820.00,,,,,,,,,,,,,,,
35,0.79,No,0.76,0.00,820.00,,,,,,,,,,,,,,,
36,0.74,No,0.94,0.00,820.00,,,,,,,,,,,,,,,
37,0.23,Yes,0.70,12000.00,10820.00,,,,,,,,,,,,,,,
38,0.53,No,0.18,0.00,820.00,,,,,,,,,,,,,,,
39,0.42,No,0.93,0.00,820.00,,,,,,,,,,,,,,,
40,0.46,No,0.64,0.00,820.00,,,,,,,,,,,,,,,
41,0.63,No,0.41,0.00,820.00,,,,,,,,,,,,,,,
42,0.11,Yes,0.34,4000.00,4820.00,,,,,,,,,,,,,,,
43,0.81,No,0.50,0.00,820.00,,,,,,,,,,,,,,,
44,0.45,No,0.60,0.00,820.00,,,,,,,,,,,,,,,
45,0.36,No,0.97,0.00,820.00,,,,,,,,,,,,,,,
46,0.31,No,0.92,0.00,820.00,,,,,,,,,,,,,,,
47,0.89,No,0.35,0.00,820.00,,,,,,,,,,,,,,,
48,0.26,Yes,0.70,12000.00,10820.00,,,,,,,,,,,,,,,
49,0.79,No,0.70,0.00,820.00,,,,,,,,,,,,,,,
50,0.20,Yes,0.37,4000.00,4820.00,,,,,,,,,,,,,,,
51,0.47,No,0.74,0.00,820.00,,,,,,,,,,,,,,,
52,0.29,Yes,0.08,2000.00,2820.00,,,,,,,,,,,,,,,
53,0.25,Yes,0.85,20000.00,10820.00,,,,,,,,,,,,,,,
54,0.87,No,0.11,0.00,820.00,,,,,,,,,,,,,,,
55,0.03,Yes,0.68,12000.00,10820.00,,,,,,,,,,,,,,,
56,0.93,No,0.20,0.00,820.00,,,,,,,,,,,,,,,
57,0.31,No,0.30,0.00,820.00,,,,,,,,,,,,,,,
58,0.79,No,0.08,0.00,820.00,,,,,,,,,,,,,,,
59,0.60,No,0.48,0.00,820.00,,,,,,,,,,,,,,,
60,0.87,No,0.66,0.00,820.00,,,,,,,,,,,,,,,
61,0.55,No,0.10,0.00,820.00,,,,,,,,,,,,,,,
62,0.81,No,0.49,0.00,820.00,,,,,,,,,,,,,,,
63,0.09,Yes,0.63,12000.00,10820.00,,,,,,,,,,,,,,,
64,0.45,No,0.92,0.00,820.00,,,,,,,,,,,,,,,
65,0.63,No,0.13,0.00,820.00,,,,,,,,,,,,,,,
66,0.08,Yes,0.14,2000.00,2820.00,,,,,,,,,,,,,,,
67,1.00,No,0.31,0.00,820.00,,,,,,,,,,,,,,,
68,0.85,No,0.66,0.00,820.00,,,,,,,,,,,,,,,
69,0.61,No,0.83,0.00,820.00,,,,,,,,,,,,,,,
70,0.94,No,0.22,0.00,820.00,,,,,,,,,,,,,,,
71,0.48,No,0.45,0.00,820.00,,,,,,,,,,,,,,,
72,0.12,Yes,0.98,20000.00,10820.00,,,,,,,,,,,,,,,
73,0.46,No,0.18,0.00,820.00,,,,,,,,,,,,,,,
74,0.39,No,0.89,0.00,820.00,,,,,,,,,,,,,,,
75,0.88,No,0.68,0.00,820.00,,,,,,,,,,,,,,,
76,0.88,No,0.73,0.00,820.00,,,,,,,,,,,,,,,
77,0.13,Yes,0.62,12000.00,10820.00,,,,,,,,,,,,,,,
78,0.11,Yes,0.47,4000.00,4820.00,,,,,,,,,,,,,,,
79,0.85,No,0.68,0.00,820.00,,,,,,,,,,,,,,,
80,0.75,No,0.75,0.00,820.00,,,,,,,,,,,,,,,
81,0.02,Yes,0.86,20000.00,10820.00,,,,,,,,,,,,,,,
82,0.69,No,0.37,0.00,820.00,,,,,,,,,,,,,,,
83,0.18,Yes,0.24,2000.00,2820.00,,,,,,,,,,,,,,,
84,0.50,No,0.58,0.00,820.00,,,,,,,,,,,,,,,
85,0.91,No,0.90,0.00,820.00,,,,,,,,,,,,,,,
86,0.24,Yes,0.04,2000.00,2820.00,,,,,,,,,,,,,,,
87,0.66,No,0.59,0.00,820.00,,,,,,,,,,,,,,,
88,0.95,No,0.95,0.00,820.00,,,,,,,,,,,,,,,
89,0.75,No,0.13,0.00,820.00,,,,,,,,,,,,,,,
90,0.36,No,0.05,0.00,820.00,,,,,,,,,,,,,,,
91,0.35,No,0.70,0.00,820.00,,,,,,,,,,,,,,,
92,0.39,No,0.14,0.00,820.00,,,,,,,,,,,,,,,
93,0.80,No,0.19,0.00,820.00,,,,,,,,,,,,,,,
94,0.70,No,0.24,0.00,820.00,,,,,,,,,,,,,,,
95,0.49,No,0.38,0.00,820.00,,,,,,,,,,,,,,,
96,0.64,No,0.95,0.00,820.00,,,,,,,,,,,,,,,
97,0.88,No,0.30,0.00,820.00,,,,,,,,,,,,,,,
98,0.93,No,0.25,0.00,820.00,,,,,,,,,,,,,,,
99,0.80,No,0.98,0.00,820.00,,,,,,,,,,,,,,,
100,0.32,No,0.53,0.00,820.00,,,,,,,,,,,,,,,
101,0.37,No,0.57,0.00,820.00,,,,,,,,,,,,,,,
102,0.82,No,0.64,0.00,820.00,,,,,,,,,,,,,,,
103,0.20,Yes,0.02,2000.00,2820.00,,,,,,,,,,,,,,,
104,0.67,No,0.29,0.00,820.00,,,,,,,,,,,,,,,
105,0.65,No,0.64,0.00,820.00,,,,,,,,,,,,,,,
106,0.61,No,0.94,0.00,820.00,,,,,,,,,,,,,,,
107,0.18,Yes,0.35,4000.00,4820.00,,,,,,,,,,,,,,,
108,0.23,Yes,0.10,2000.00,2820.00,,,,,,,,,,,,,,,
109,0.14,Yes,0.73,12000.00,10820.00,,,,,,,,,,,,,,,
110,0.95,No,0.92,0.00,820.00,,,,,,,,,,,,,,,
111,0.25,Yes,0.41,4000.00,4820.00,,,,,,,,,,,,,,,
112,0.86,No,0.13,0.00,820.00,,,,,,,,,,,,,,,
113,0.58,No,0.72,0.00,820.00,,,,,,,,,,,,,,,
114,0.17,Yes,0.89,20000.00,10820.00,,,,,,,,,,,,,,,
115,0.44,No,0.43,0.00,820.00,,,,,,,,,,,,,,,
116,0.44,No,0.26,0.00,820.00,,,,,,,,,,,,,,,
117,0.34,No,0.84,0.00,820.00,,,,,,,,,,,,,,,
118,0.62,No,0.69,0.00,820.00,,,,,,,,,,,,,,,
119,0.43,No,0.47,0.00,820.00,,,,,,,,,,,,,,,
120,0.94,No,0.16,0.00,820.00,,,,,,,,,,,,,,,
121,0.42,No,0.18,0.00,820.00,,,,,,,,,,,,,,,
122,0.74,No,0.09,0.00,820.00,,,,,,,,,,,,,,,
123,0.90,No,0.04,0.00,820.00,,,,,,,,,,,,,,,
124,0.07,Yes,0.17,2000.00,2820.00,,,,,,,,,,,,,,,
125,0.43,No,0.78,0.00,820.00,,,,,,,,,,,,,,,
126,0.18,Yes,0.41,4000.00,4820.00,,,,,,,,,,,,,,,
127,0.12,Yes,0.94,20000.00,10820.00,,,,,,,,,,,,,,,
128,0.73,No,0.16,0.00,820.00,,,,,,,,,,,,,,,
129,0.25,Yes,0.77,12000.00,10820.00,,,,,,,,,,,,,,,
130,0.40,No,0.12,0.00,820.00,,,,,,,,,,,,,,,
131,0.57,No,0.89,0.00,820.00,,,,,,,,,,,,,,,
132,0.67,No,0.84,0.00,820.00,,,,,,,,,,,,,,,
133,0.85,No,0.01,0.00,820.00,,,,,,,,,,,,,,,
134,0.11,Yes,0.39,4000.00,4820.00,,,,,,,,,,,,,,,
135,0.57,No,0.35,0.00,820.00,,,,,,,,,,,,,,,
136,0.74,No,0.57,0.00,820.00,,,,,,,,,,,,,,,
137,0.75,No,0.99,0.00,820.00,,,,,,,,,,,,,,,
138,0.43,No,0.95,0.00,820.00,,,,,,,,,,,,,,,
139,0.56,No,0.55,0.00,820.00,,,,,,,,,,,,,,,
140,0.61,No,0.80,0.00,820.00,,,,,,,,,,,,,,,
141,0.87,No,0.13,0.00,820.00,,,,,,,,,,,,,,,
142,0.45,No,0.19,0.00,820.00,,,,,,,,,,,,,,,
143,0.64,No,0.60,0.00,820.00,,,,,,,,,,,,,,,
144,0.86,No,0.07,0.00,820.00,,,,,,,,,,,,,,,
145,0.48,No,0.11,0.00,820.00,,,,,,,,,,,,,,,
146,0.49,No,0.90,0.00,820.00,,,,,,,,,,,,,,,
147,0.71,No,0.35,0.00,820.00,,,,,,,,,,,,,,,
148,0.90,No,0.05,0.00,820.00,,,,,,,,,,,,,,,
149,0.94,No,0.57,0.00,820.00,,,,,,,,,,,,,,,
150,0.17,Yes,0.03,2000.00,2820.00,,,,,,,,,,,,,,,
151,0.02,Yes,0.25,2000.00,2820.00,,,,,,,,,,,,,,,
152,0.47,No,0.59,0.00,820.00,,,,,,,,,,,,,,,
153,0.99,No,0.32,0.00,820.00,,,,,,,,,,,,,,,
154,0.92,No,0.28,0.00,820.00,,,,,,,,,,,,,,,
155,0.88,No,0.16,0.00,820.00,,,,,,,,,,,,,,,
156,0.98,No,0.91,0.00,820.00,,,,,,,,,,,,,,,
157,0.06,Yes,0.08,2000.00,2820.00,,,,,,,,,,,,,,,
158,0.56,No,0.69,0.00,820.00,,,,,,,,,,,,,,,
159,0.78,No,0.77,0.00,820.00,,,,,,,,,,,,,,,
160,0.34,No,0.82,0.00,820.00,,,,,,,,,,,,,,,
161,0.10,Yes,0.37,4000.00,4820.00,,,,,,,,,,,,,,,
162,0.90,No,0.54,0.00,820.00,,,,,,,,,,,,,,,
163,0.82,No,0.62,0.00,820.00,,,,,,,,,,,,,,,
164,0.49,No,0.56,0.00,820.00,,,,,,,,,,,,,,,
165,0.75,No,0.21,0.00,820.00,,,,,,,,,,,,,,,
166,0.88,No,0.61,0.00,820.00,,,,,,,,,,,,,,,
167,0.27,Yes,0.62,12000.00,10820.00,,,,,,,,,,,,,,,
168,0.99,No,0.37,0.00,820.00,,,,,,,,,,,,,,,
169,0.25,Yes,0.66,12000.00,10820.00,,,,,,,,,,,,,,,
170,0.13,Yes,0.42,4000.00,4820.00,,,,,,,,,,,,,,,
171,0.86,No,0.72,0.00,820.00,,,,,,,,,,,,,,,
172,0.40,No,0.10,0.00,820.00,,,,,,,,,,,,,,,
173,0.98,No,0.17,0.00,820.00,,,,,,,,,,,,,,,
174,0.79,No,0.15,0.00,820.00,,,,,,,,,,,,,,,
175,0.68,No,0.34,0.00,820.00,,,,,,,,,,,,,,,
176,0.54,No,0.37,0.00,820.00,,,,,,,,,,,,,,,
177,0.04,Yes,0.50,4000.00,4820.00,,,,,,,,,,,,,,,
178,0.96,No,0.52,0.00,820.00,,,,,,,,,,,,,,,
179,0.96,No,0.84,0.00,820.00,,,,,,,,,,,,,,,
180,0.31,No,0.63,0.00,820.00,,,,,,,,,,,,,,,
181,0.71,No,0.75,0.00,820.00,,,,,,,,,,,,,,,
182,0.72,No,0.57,0.00,820.00,,,,,,,,,,,,,,,
183,0.29,Yes,0.57,8000.00,8820.00,,,,,,,,,,,,,,,
184,0.42,No,0.24,0.00,820.00,,,,,,,,,,,,,,,
185,0.49,No,0.37,0.00,820.00,,,,,,,,,,,,,,,
186,0.40,No,0.94,0.00,820.00,,,,,,,,,,,,,,,
187,0.29,Yes,0.09,2000.00,2820.00,,,,,,,,,,,,,,,
188,0.10,Yes,0.66,12000.00,10820.00,,,,,,,,,,,,,,,
189,0.07,Yes,0.96,20000.00,10820.00,,,,,,,,,,,,,,,
190,0.53,No,0.31,0.00,820.00,,,,,,,,,,,,,,,
191,0.32,No,0.77,0.00,820.00,,,,,,,,,,,,,,,
192,0.59,No,0.67,0.00,820.00,,,,,,,,,,,,,,,
193,0.75,No,0.54,0.00,820.00,,,,,,,,,,,,,,,
194,0.46,No,0.96,0.00,820.00,,,,,,,,,,,,,,,
195,0.54,No,0.08,0.00,820.00,,,,,,,,,,,,,,,
196,0.49,No,0.06,0.00,820.00,,,,,,,,,,,,,,,
197,0.81,No,0.84,0.00,820.00,,,,,,,,,,,,,,,
198,0.87,No,0.96,0.00,820.00,,,,,,,,,,,,,,,
199,0.49,No,0.02,0.00,820.00,,,,,,,,,,,,,,,
200,0.31,No,0.77,0.00,820.00,,,,,,,,,,,,,,,
201,0.39,No,0.65,0.00,820.00,,,,,,,,,,,,,,,
202,0.22,Yes,0.97,20000.00,10820.00,,,,,,,,,,,,,,,
203,0.08,Yes,0.22,2000.00,2820.00,,,,,,,,,,,,,,,
204,0.57,No,0.67,0.00,820.00,,,,,,,,,,,,,,,
205,0.57,No,0.92,0.00,820.00,,,,,,,,,,,,,,,
206,0.10,Yes,0.79,12000.00,10820.00,,,,,,,,,,,,,,,
207,0.63,No,0.41,0.00,820.00,,,,,,,,,,,,,,,
208,0.10,Yes,0.85,20000.00,10820.00,,,,,,,,,,,,,,,
209,0.06,Yes,0.61,8000.00,8820.00,,,,,,,,,,,,,,,
210,0.77,No,0.69,0.00,820.00,,,,,,,,,,,,,,,
211,0.09,Yes,0.95,20000.00,10820.00,,,,,,,,,,,,,,,
212,0.61,No,0.60,0.00,820.00,,,,,,,,,,,,,,,
213,0.59,No,0.19,0.00,820.00,,,,,,,,,,,,,,,
214,0.23,Yes,0.67,12000.00,10820.00,,,,,,,,,,,,,,,
215,0.34,No,0.93,0.00,820.00,,,,,,,,,,,,,,,
216,0.60,No,0.69,0.00,820.00,,,,,,,,,,,,,,,
217,0.33,No,0.79,0.00,820.00,,,,,,,,,,,,,,,
218,0.47,No,0.20,0.00,820.00,,,,,,,,,,,,,,,
219,0.77,No,0.52,0.00,820.00,,,,,,,,,,,,,,,
220,0.76,No,0.95,0.00,820.00,,,,,,,,,,,,,,,
221,0.21,Yes,0.35,4000.00,4820.00,,,,,,,,,,,,,,,
222,0.35,No,0.66,0.00,820.00,,,,,,,,,,,,,,,
223,0.71,No,0.54,0.00,820.00,,,,,,,,,,,,,,,
224,0.03,Yes,0.31,2000.00,2820.00,,,,,,,,,,,,,,,
225,0.83,No,0.01,0.00,820.00,,,,,,,,,,,,,,,
226,0.41,No,0.53,0.00,820.00,,,,,,,,,,,,,,,
227,0.00,Yes,0.71,12000.00,10820.00,,,,,,,,,,,,,,,
228,0.50,No,0.42,0.00,820.00,,,,,,,,,,,,,,,
229,0.54,No,0.97,0.00,820.00,,,,,,,,,,,,,,,
230,0.99,No,0.83,0.00,820.00,,,,,,,,,,,,,,,
231,0.14,Yes,0.58,8000.00,8820.00,,,,,,,,,,,,,,,
232,0.06,Yes,0.89,20000.00,10820.00,,,,,,,,,,,,,,,
233,0.53,No,0.71,0.00,820.00,,,,,,,,,,,,,,,
234,0.23,Yes,0.74,12000.00,10820.00,,,,,,,,,,,,,,,
235,0.42,No,0.79,0.00,820.00,,,,,,,,,,,,,,,
236,0.25,Yes,0.87,20000.00,10820.00,,,,,,,,,,,,,,,
237,0.52,No,0.94,0.00,820.00,,,,,,,,,,,,,,,
238,0.62,No,0.53,0.00,820.00,,,,,,,,,,,,,,,
239,0.73,No,0.70,0.00,820.00,,,,,,,,,,,,,,,
240,0.33,No,0.45,0.00,820.00,,,,,,,,,,,,,,,
241,1.00,No,0.89,0.00,820.00,,,,,,,,,,,,,,,
242,0.39,No,0.77,0.00,820.00,,,,,,,,,,,,,,,
243,0.23,Yes,0.12,2000.00,2820.00,,,,,,,,,,,,,,,
244,0.52,No,0.16,0.00,820.00,,,,,,,,,,,,,,,
245,0.83,No,0.96,0.00,820.00,,,,,,,,,,,,,,,
246,0.67,No,0.22,0.00,820.00,,,,,,,,,,,,,,,
247,0.46,No,0.09,0.00,820.00,,,,,,,,,,,,,,,
248,0.99,No,0.34,0.00,820.00,,,,,,,,,,,,,,,
249,0.64,No,0.21,0.00,820.00,,,,,,,,,,,,,,,
250,0.39,No,0.48,0.00,820.00,,,,,,,,,,,,,,,
251,0.01,Yes,0.19,2000.00,2820.00,,,,,,,,,,,,,,,
252,0.99,No,0.18,0.00,820.00,,,,,,,,,,,,,,,
253,0.81,No,0.85,0.00,820.00,,,,,,,,,,,,,,,
254,0.18,Yes,0.62,12000.00,10820.00,,,,,,,,,,,,,,,
255,0.95,No,0.86,0.00,820.00,,,,,,,,,,,,,,,
256,0.86,No,0.30,0.00,820.00,,,,,,,,,,,,,,,
257,0.61,No,0.74,0.00,820.00,,,,,,,,,,,,,,,
258,0.10,Yes,0.98,20000.00,10820.00,,,,,,,,,,,,,,,
259,0.13,Yes,0.61,12000.00,10820.00,,,,,,,,,,,,,,,
260,0.71,No,0.36,0.00,820.00,,,,,,,,,,,,,,,
261,0.27,Yes,0.85,20000.00,10820.00,,,,,,,,,,,,,,,
262,0.85,No,0.16,0.00,820.00,,,,,,,,,,,,,,,
263,0.85,No,0.53,0.00,820.00,,,,,,,,,,,,,,,
264,0.77,No,0.55,0.00,820.00,,,,,,,,,,,,,,,
265,0.93,No,0.15,0.00,820.00,,,,,,,,,,,,,,,
266,0.47,No,0.66,0.00,820.00,,,,,,,,,,,,,,,
267,0.36,No,0.31,0.00,820.00,,,,,,,,,,,,,,,
268,0.41,No,0.88,0.00,820.00,,,,,,,,,,,,,,,
269,0.69,No,0.47,0.00,820.00,,,,,,,,,,,,,,,
270,0.55,No,0.92,0.00,820.00,,,,,,,,,,,,,,,
271,0.61,No,0.30,0.00,820.00,,,,,,,,,,,,,,,
272,0.09,Yes,0.77,12000.00,10820.00,,,,,,,,,,,,,,,
273,0.15,Yes,0.88,20000.00,10820.00,,,,,,,,,,,,,,,
274,0.64,No,0.58,0.00,820.00,,,,,,,,,,,,,,,
275,0.43,No,0.16,0.00,820.00,,,,,,,,,,,,,,,
276,0.92,No,0.44,0.00,820.00,,,,,,,,,,,,,,,
277,0.93,No,0.02,0.00,820.00,,,,,,,,,,,,,,,
278,0.21,Yes,0.20,2000.00,2820.00,,,,,,,,,,,,,,,
279,0.52,No,0.75,0.00,820.00,,,,,,,,,,,,,,,
280,0.92,No,0.61,0.00,820.00,,,,,,,,,,,,,,,
281,0.24,Yes,0.99,20000.00,10820.00,,,,,,,,,,,,,,,
282,0.64,No,0.47,0.00,820.00,,,,,,,,,,,,,,,
283,0.36,No,0.85,0.00,820.00,,,,,,,,,,,,,,,
284,0.07,Yes,0.75,12000.00,10820.00,,,,,,,,,,,,,,,
285,0.53,No,0.44,0.00,820.00,,,,,,,,,,,,,,,
286,0.57,No,0.74,0.00,820.00,,,,,,,,,,,,,,,
287,0.03,Yes,0.88,20000.00,10820.00,,,,,,,,,,,,,,,
288,0.16,Yes,0.07,2000.00,2820.00,,,,,,,,,,,,,,,
289,0.37,No,0.94,0.00,820.00,,,,,,,,,,,,,,,
290,0.17,Yes,0.44,4000.00,4820.00,,,,,,,,,,,,,,,
291,0.12,Yes,0.81,20000.00,10820.00,,,,,,,,,,,,,,,
292,0.09,Yes,0.91,20000.00,10820.00,,,,,,,,,,,,,,,
293,0.82,No,0.89,0.00,820.00,,,,,,,,,,,,,,,
294,0.29,Yes,0.97,20000.00,10820.00,,,,,,,,,,,,,,,
295,0.07,Yes,0.98,20000.00,10820.00,,,,,,,,,,,,,,,
296,0.21,Yes,0.06,2000.00,2820.00,,,,,,,,,,,,,,,
297,0.40,No,0.31,0.00,820.00,,,,,,,,,,,,,,,
298,0.56,No,0.19,0.00,820.00,,,,,,,,,,,,,,,
299,0.50,No,0.24,0.00,820.00,,,,,,,,,,,,,,,
300,0.64,No,0.97,0.00,820.00,,,,,,,,,,,,,,,
301,0.65,No,0.09,0.00,820.00,,,,,,,,,,,,,,,
302,0.79,No,0.13,0.00,820.00,,,,,,,,,,,,,,,
303,0.75,No,0.37,0.00,820.00,,,,,,,,,,,,,,,
304,0.87,No,0.89,0.00,820.00,,,,,,,,,,,,,,,
305,0.25,Yes,0.89,20000.00,10820.00,,,,,,,,,,,,,,,
306,0.19,Yes,0.80,12000.00,10820.00,,,,,,,,,,,,,,,
307,0.81,No,0.33,0.00,820.00,,,,,,,,,,,,,,,
308,0.25,Yes,0.10,2000.00,2820.00,,,,,,,,,,,,,,,
309,0.60,No,0.61,0.00,820.00,,,,,,,,,,,,,,,
310,0.51,No,0.13,0.00,820.00,,,,,,,,,,,,,,,
311,0.31,No,0.02,0.00,820.00,,,,,,,,,,,,,,,
312,0.80,No,0.63,0.00,820.00,,,,,,,,,,,,,,,
313,0.88,No,0.37,0.00,820.00,,,,,,,,,,,,,,,
314,0.72,No,0.07,0.00,820.00,,,,,,,,,,,,,,,
315,0.78,No,0.89,0.00,820.00,,,,,,,,,,,,,,,
316,0.44,No,0.17,0.00,820.00,,,,,,,,,,,,,,,
317,0.00,Yes,0.00,2000.00,2820.00,,,,,,,,,,,,,,,
318,0.49,No,0.77,0.00,820.00,,,,,,,,,,,,,,,
319,0.78,No,0.35,0.00,820.00,,,,,,,,,,,,,,,
320,0.19,Yes,0.09,2000.00,2820.00,,,,,,,,,,,,,,,
321,0.53,No,0.10,0.00,820.00,,,,,,,,,,,,,,,
322,0.17,Yes,0.12,2000.00,2820.00,,,,,,,,,,,,,,,
323,0.54,No,0.79,0.00,820.00,,,,,,,,,,,,,,,
324,0.78,No,0.36,0.00,820.00,,,,,,,,,,,,,,,
325,0.52,No,0.88,0.00,820.00,,,,,,,,,,,,,,,
326,0.29,Yes,0.70,12000.00,10820.00,,,,,,,,,,,,,,,
327,0.15,Yes,0.53,8000.00,8820.00,,,,,,,,,,,,,,,
328,0.46,No,0.64,0.00,820.00,,,,,,,,,,,,,,,
329,0.54,No,0.23,0.00,820.00,,,,,,,,,,,,,,,
330,0.07,Yes,0.86,20000.00,10820.00,,,,,,,,,,,,,,,
331,0.16,Yes,0.42,4000.00,4820.00,,,,,,,,,,,,,,,
332,0.54,No,0.12,0.00,820.00,,,,,,,,,,,,,,,
333,0.78,No,0.86,0.00,820.00,,,,,,,,,,,,,,,
334,0.24,Yes,0.69,12000.00,10820.00,,,,,,,,,,,,,,,
335,0.25,Yes,0.93,20000.00,10820.00,,,,,,,,,,,,,,,
336,0.98,No,0.83,0.00,820.00,,,,,,,,,,,,,,,
337,0.07,Yes,0.75,12000.00,10820.00,,,,,,,,,,,,,,,
338,0.54,No,0.54,0.00,820.00,,,,,,,,,,,,,,,
339,0.43,No,0.50,0.00,820.00,,,,,,,,,,,,,,,
340,0.65,No,0.99,0.00,820.00,,,,,,,,,,,,,,,
341,0.88,No,0.86,0.00,820.00,,,,,,,,,,,,,,,
342,0.40,No,0.12,0.00,820.00,,,,,,,,,,,,,,,
343,0.33,No,0.22,0.00,820.00,,,,,,,,,,,,,,,
344,0.81,No,0.22,0.00,820.00,,,,,,,,,,,,,,,
345,0.81,No,0.27,0.00,820.00,,,,,,,,,,,,,,,
346,0.67,No,0.49,0.00,820.00,,,,,,,,,,,,,,,
347,0.32,No,0.60,0.00,820.00,,,,,,,,,,,,,,,
348,0.93,No,0.18,0.00,820.00,,,,,,,,,,,,,,,
349,0.83,No,0.40,0.00,820.00,,,,,,,,,,,,,,,
350,0.80,No,0.65,0.00,820.00,,,,,,,,,,,,,,,
351,0.63,No,0.23,0.00,820.00,,,,,,,,,,,,,,,
352,0.26,Yes,0.55,8000.00,8820.00,,,,,,,,,,,,,,,
353,0.77,No,0.44,0.00,820.00,,,,,,,,,,,,,,,
354,0.31,No,0.85,0.00,820.00,,,,,,,,,,,,,,,
355,0.55,No,0.16,0.00,820.00,,,,,,,,,,,,,,,
356,0.36,No,0.97,0.00,820.00,,,,,,,,,,,,,,,
357,0.42,No,0.21,0.00,820.00,,,,,,,,,,,,,,,
358,0.63,No,0.42,0.00,820.00,,,,,,,,,,,,,,,
359,0.09,Yes,0.32,4000.00,4820.00,,,,,,,,,,,,,,,
360,0.40,No,0.31,0.00,820.00,,,,,,,,,,,,,,,
361,0.56,No,0.31,0.00,820.00,,,,,,,,,,,,,,,
362,0.81,No,0.02,0.00,820.00,,,,,,,,,,,,,,,
363,0.79,No,0.06,0.00,820.00,,,,,,,,,,,,,,,
364,0.07,Yes,0.35,4000.00,4820.00,,,,,,,,,,,,,,,
365,0.73,No,0.90,0.00,820.00,,,,,,,,,,,,,,,
366,0.48,No,0.30,0.00,820.00,,,,,,,,,,,,,,,
367,0.44,No,0.37,0.00,820.00,,,,,,,,,,,,,,,
368,0.56,No,0.57,0.00,820.00,,,,,,,,,,,,,,,
369,0.21,Yes,0.80,12000.00,10820.00,,,,,,,,,,,,,,,
370,0.22,Yes,0.29,2000.00,2820.00,,,,,,,,,,,,,,,
371,0.81,No,0.94,0.00,820.00,,,,,,,,,,,,,,,
372,0.00,Yes,0.81,12000.00,10820.00,,,,,,,,,,,,,,,
373,0.33,No,0.23,0.00,820.00,,,,,,,,,,,,,,,
374,0.94,No,0.05,0.00,820.00,,,,,,,,,,,,,,,
375,0.45,No,0.49,0.00,820.00,,,,,,,,,,,,,,,
376,0.21,Yes,0.56,8000.00,8820.00,,,,,,,,,,,,,,,
377,0.81,No,0.15,0.00,820.00,,,,,,,,,,,,,,,
378,0.46,No,0.17,0.00,820.00,,,,,,,,,,,,,,,
379,0.90,No,0.30,0.00,820.00,,,,,,,,,,,,,,,
380,0.58,No,0.08,0.00,820.00,,,,,,,,,,,,,,,
381,0.36,No,0.86,0.00,820.00,,,,,,,,,,,,,,,
382,0.83,No,0.67,0.00,820.00,,,,,,,,,,,,,,,
383,0.04,Yes,0.21,2000.00,2820.00,,,,,,,,,,,,,,,
384,0.15,Yes,0.64,12000.00,10820.00,,,,,,,,,,,,,,,
385,0.25,Yes,0.27,2000.00,2820.00,,,,,,,,,,,,,,,
386,0.39,No,0.47,0.00,820.00,,,,,,,,,,,,,,,
387,0.74,No,0.96,0.00,820.00,,,,,,,,,,,,,,,
388,0.15,Yes,0.43,4000.00,4820.00,,,,,,,,,,,,,,,
389,0.36,No,0.63,0.00,820.00,,,,,,,,,,,,,,,
390,0.53,No,0.02,0.00,820.00,,,,,,,,,,,,,,,
391,0.93,No,0.08,0.00,820.00,,,,,,,,,,,,,,,
392,0.51,No,0.91,0.00,820.00,,,,,,,,,,,,,,,
393,0.53,No,0.50,0.00,820.00,,,,,,,,,,,,,,,
394,0.62,No,0.71,0.00,820.00,,,,,,,,,,,,,,,
395,0.65,No,0.31,0.00,820.00,,,,,,,,,,,,,,,
396,0.81,No,0.08,0.00,820.00,,,,,,,,,,,,,,,
397,0.51,No,0.75,0.00,820.00,,,,,,,,,,,,,,,
398,0.38,No,0.63,0.00,820.00,,,,,,,,,,,,,,,
399,0.73,No,0.23,0.00,820.00,,,,,,,,,,,,,,,
400,0.11,Yes,0.09,2000.00,2820.00,,,,,,,,,,,,,,,
401,0.20,Yes,0.46,4000.00,4820.00,,,,,,,,,,,,,,,
402,0.68,No,0.04,0.00,820.00,,,,,,,,,,,,,,,
403,0.19,Yes,0.50,4000.00,4820.00,,,,,,,,,,,,,,,
404,0.47,No,0.72,0.00,820.00,,,,,,,,,,,,,,,
405,0.49,No,0.49,0.00,820.00,,,,,,,,,,,,,,,
406,0.84,No,0.61,0.00,820.00,,,,,,,,,,,,,,,
407,0.38,No,0.87,0.00,820.00,,,,,,,,,,,,,,,
408,0.27,Yes,0.49,4000.00,4820.00,,,,,,,,,,,,,,,
409,0.20,Yes,0.46,4000.00,4820.00,,,,,,,,,,,,,,,
410,0.04,Yes,0.86,20000.00,10820.00,,,,,,,,,,,,,,,
411,0.20,Yes,0.85,20000.00,10820.00,,,,,,,,,,,,,,,
412,0.89,No,0.09,0.00,820.00,,,,,,,,,,,,,,,
413,0.11,Yes,0.64,12000.00,10820.00,,,,,,,,,,,,,,,
414,0.96,No,0.85,0.00,820.00,,,,,,,,,,,,,,,
415,0.29,Yes,0.22,2000.00,2820.00,,,,,,,,,,,,,,,
416,0.21,Yes,0.13,2000.00,2820.00,,,,,,,,,,,,,,,
417,0.90,No,0.29,0.00,820.00,,,,,,,,,,,,,,,
418,0.70,No,0.38,0.00,820.00,,,,,,,,,,,,,,,
419,0.36,No,0.42,0.00,820.00,,,,,,,,,,,,,,,
420,0.44,No,0.03,0.00,820.00,,,,,,,,,,,,,,,
421,0.58,No,0.60,0.00,820.00,,,,,,,,,,,,,,,
422,0.30,No,0.51,0.00,820.00,,,,,,,,,,,,,,,
423,0.53,No,0.13,0.00,820.00,,,,,,,,,,,,,,,
424,0.50,No,0.50,0.00,820.00,,,,,,,,,,,,,,,
425,0.17,Yes,0.34,4000.00,4820.00,,,,,,,,,,,,,,,
426,0.10,Yes,0.50,4000.00,4820.00,,,,,,,,,,,,,,,
427,0.19,Yes,0.44,4000.00,4820.00,,,,,,,,,,,,,,,
428,0.88,No,0.81,0.00,820.00,,,,,,,,,,,,,,,
429,0.05,Yes,0.95,20000.00,10820.00,,,,,,,,,,,,,,,
430,0.73,No,0.42,0.00,820.00,,,,,,,,,,,,,,,
431,0.63,No,0.05,0.00,820.00,,,,,,,,,,,,,,,
432,0.96,No,0.00,0.00,820.00,,,,,,,,,,,,,,,
433,0.56,No,0.02,0.00,820.00,,,,,,,,,,,,,,,
434,0.68,No,0.42,0.00,820.00,,,,,,,,,,,,,,,
435,0.28,Yes,0.78,12000.00,10820.00,,,,,,,,,,,,,,,
436,0.21,Yes,0.47,4000.00,4820.00,,,,,,,,,,,,,,,
437,0.41,No,0.67,0.00,820.00,,,,,,,,,,,,,,,
438,0.53,No,0.59,0.00,820.00,,,,,,,,,,,,,,,
439,0.41,No,0.03,0.00,820.00,,,,,,,,,,,,,,,
440,0.34,No,0.24,0.00,820.00,,,,,,,,,,,,,,,
441,0.01,Yes,0.30,2000.00,2820.00,,,,,,,,,,,,,,,
442,0.15,Yes,0.44,4000.00,4820.00,,,,,,,,,,,,,,,
443,0.17,Yes,0.59,8000.00,8820.00,,,,,,,,,,,,,,,
444,0.83,No,0.06,0.00,820.00,,,,,,,,,,,,,,,
445,0.87,No,0.40,0.00,820.00,,,,,,,,,,,,,,,
446,0.05,Yes,0.43,4000.00,4820.00,,,,,,,,,,,,,,,
447,0.11,Yes,0.92,20000.00,10820.00,,,,,,,,,,,,,,,
448,0.12,Yes,0.81,20000.00,10820.00,,,,,,,,,,,,,,,
449,0.51,No,0.76,0.00,820.00,,,,,,,,,,,,,,,
450,0.34,No,0.73,0.00,820.00,,,,,,,,,,,,,,,
451,0.55,No,0.93,0.00,820.00,,,,,,,,,,,,,,,
452,0.28,Yes,0.13,2000.00,2820.00,,,,,,,,,,,,,,,
453,0.58,No,0.40,0.00,820.00,,,,,,,,,,,,,,,
454,0.03,Yes,0.40,4000.00,4820.00,,,,,,,,,,,,,,,
455,0.31,No,0.08,0.00,820.00,,,,,,,,,,,,,,,
456,0.27,Yes,0.31,4000.00,4820.00,,,,,,,,,,,,,,,
457,0.36,No,0.49,0.00,820.00,,,,,,,,,,,,,,,
458,0.13,Yes,0.41,4000.00,4820.00,,,,,,,,,,,,,,,
459,0.18,Yes,0.04,2000.00,2820.00,,,,,,,,,,,,,,,
460,0.47,No,0.25,0.00,820.00,,,,,,,,,,,,,,,
461,0.70,No,0.06,0.00,820.00,,,,,,,,,,,,,,,
462,0.45,No,0.00,0.00,820.00,,,,,,,,,,,,,,,
463,0.43,No,0.53,0.00,820.00,,,,,,,,,,,,,,,
464,0.44,No,0.14,0.00,820.00,,,,,,,,,,,,,,,
465,0.66,No,0.42,0.00,820.00,,,,,,,,,,,,,,,
466,0.30,No,0.79,0.00,820.00,,,,,,,,,,,,,,,
467,0.34,No,0.33,0.00,820.00,,,,,,,,,,,,,,,
468,0.23,Yes,0.69,12000.00,10820.00,,,,,,,,,,,,,,,
469,0.18,Yes,0.37,4000.00,4820.00,,,,,,,,,,,,,,,
470,0.17,Yes,0.97,20000.00,10820.00,,,,,,,,,,,,,,,
471,0.57,No,0.43,0.00,820.00,,,,,,,,,,,,,,,
472,0.61,No,0.88,0.00,820.00,,,,,,,,,,,,,,,
473,0.08,Yes,0.58,8000.00,8820.00,,,,,,,,,,,,,,,
474,0.12,Yes,0.67,12000.00,10820.00,,,,,,,,,,,,,,,
475,0.48,No,0.72,0.00,820.00,,,,,,,,,,,,,,,
476,0.12,Yes,0.28,2000.00,2820.00,,,,,,,,,,,,,,,
477,0.47,No,0.60,0.00,820.00,,,,,,,,,,,,,,,
478,0.38,No,0.42,0.00,820.00,,,,,,,,,,,,,,,
479,0.42,No,0.32,0.00,820.00,,,,,,,,,,,,,,,
480,1.00,No,0.24,0.00,820.00,,,,,,,,,,,,,,,
481,0.88,No,1.00,0.00,820.00,,,,,,,,,,,,,,,
482,0.52,No,0.90,0.00,820.00,,,,,,,,,,,,,,,
483,0.72,No,0.63,0.00,820.00,,,,,,,,,,,,,,,
484,0.66,No,0.47,0.00,820.00,,,,,,,,,,,,,,,
485,0.09,Yes,0.16,2000.00,2820.00,,,,,,,,,,,,,,,
486,0.02,Yes,0.34,4000.00,4820.00,,,,,,,,,,,,,,,
487,0.26,Yes,0.88,20000.00,10820.00,,,,,,,,,,,,,,,
488,0.56,No,0.91,0.00,820.00,,,,,,,,,,,,,,,
489,0.54,No,0.00,0.00,820.00,,,,,,,,,,,,,,,
490,0.71,No,0.49,0.00,820.00,,,,,,,,,,,,,,,
491,0.37,No,0.34,0.00,820.00,,,,,,,,,,,,,,,
492,0.24,Yes,0.85,20000.00,10820.00,,,,,,,,,,,,,,,
493,0.67,No,0.86,0.00,820.00,,,,,,,,,,,,,,,
494,0.93,No,0.58,0.00,820.00,,,,,,,,,,,,,,,
495,0.05,Yes,0.66,12000.00,10820.00,,,,,,,,,,,,,,,
496,0.09,Yes,0.25,2000.00,2820.00,,,,,,,,,,,,,,,
497,0.46,No,0.95,0.00,820.00,,,,,,,,,,,,,,,
498,0.96,No,0.39,0.00,820.00,,,,,,,,,,,,,,,
499,0.15,Yes,0.85,20000.00,10820.00,,,,,,,,,,,,,,,
500,0.25,Yes,0.49,4000.00,4820.00,,,,,,,,,,,,,,,
501,0.26,Yes,0.66,12000.00,10820.00,,,,,,,,,,,,,,,
502,0.37,No,0.36,0.00,820.00,,,,,,,,,,,,,,,
503,0.76,No,0.99,0.00,820.00,,,,,,,,,,,,,,,
504,0.00,Yes,0.84,20000.00,10820.00,,,,,,,,,,,,,,,
505,0.80,No,0.47,0.00,820.00,,,,,,,,,,,,,,,
506,0.11,Yes,0.08,2000.00,2820.00,,,,,,,,,,,,,,,
507,1.00,No,0.51,0.00,820.00,,,,,,,,,,,,,,,
508,0.56,No,0.86,0.00,820.00,,,,,,,,,,,,,,,
509,0.85,No,0.93,0.00,820.00,,,,,,,,,,,,,,,
510,0.05,Yes,0.28,2000.00,2820.00,,,,,,,,,,,,,,,
511,0.09,Yes,0.11,2000.00,2820.00,,,,,,,,,,,,,,,
512,0.16,Yes,0.09,2000.00,2820.00,,,,,,,,,,,,,,,
513,0.87,No,0.75,0.00,820.00,,,,,,,,,,,,,,,
514,0.42,No,0.59,0.00,820.00,,,,,,,,,,,,,,,
515,0.57,No,0.53,0.00,820.00,,,,,,,,,,,,,,,
516,0.63,No,0.61,0.00,820.00,,,,,,,,,,,,,,,
517,0.94,No,0.31,0.00,820.00,,,,,,,,,,,,,,,
518,0.84,No,0.81,0.00,820.00,,,,,,,,,,,,,,,
519,0.79,No,0.75,0.00,820.00,,,,,,,,,,,,,,,
520,0.91,No,0.13,0.00,820.00,,,,,,,,,,,,,,,
521,0.73,No,0.32,0.00,820.00,,,,,,,,,,,,,,,
522,0.64,No,0.89,0.00,820.00,,,,,,,,,,,,,,,
523,0.29,Yes,0.45,4000.00,4820.00,,,,,,,,,,,,,,,
524,0.51,No,0.99,0.00,820.00,,,,,,,,,,,,,,,
525,0.17,Yes,0.31,2000.00,2820.00,,,,,,,,,,,,,,,
526,0.16,Yes,0.11,2000.00,2820.00,,,,,,,,,,,,,,,
527,0.52,No,0.42,0.00,820.00,,,,,,,,,,,,,,,
528,0.96,No,0.81,0.00,820.00,,,,,,,,,,,,,,,
529,0.62,No,0.62,0.00,820.00,,,,,,,,,,,,,,,
530,0.97,No,0.92,0.00,820.00,,,,,,,,,,,,,,,
531,0.94,No,0.24,0.00,820.00,,,,,,,,,,,,,,,
532,0.64,No,0.54,0.00,820.00,,,,,,,,,,,,,,,
533,0.37,No,0.67,0.00,820.00,,,,,,,,,,,,,,,
534,0.02,Yes,0.25,2000.00,2820.00,,,,,,,,,,,,,,,
535,0.78,No,0.69,0.00,820.00,,,,,,,,,,,,,,,
536,0.10,Yes,0.82,20000.00,10820.00,,,,,,,,,,,,,,,
537,0.92,No,0.54,0.00,820.00,,,,,,,,,,,,,,,
538,0.21,Yes,0.65,12000.00,10820.00,,,,,,,,,,,,,,,
539,0.94,No,0.25,0.00,820.00,,,,,,,,,,,,,,,
540,0.48,No,0.03,0.00,820.00,,,,,,,,,,,,,,,
541,0.65,No,0.87,0.00,820.00,,,,,,,,,,,,,,,
542,0.69,No,0.34,0.00,820.00,,,,,,,,,,,,,,,
543,0.75,No,0.22,0.00,820.00,,,,,,,,,,,,,,,
544,0.52,No,0.72,0.00,820.00,,,,,,,,,,,,,,,
545,0.14,Yes,0.71,12000.00,10820.00,,,,,,,,,,,,,,,
546,0.03,Yes,0.76,12000.00,10820.00,,,,,,,,,,,,,,,
547,0.09,Yes,0.19,2000.00,2820.00,,,,,,,,,,,,,,,
548,0.32,No,0.62,0.00,820.00,,,,,,,,,,,,,,,
549,0.37,No,0.11,0.00,820.00,,,,,,,,,,,,,,,
550,0.53,No,0.52,0.00,820.00,,,,,,,,,,,,,,,
551,0.03,Yes,0.77,12000.00,10820.00,,,,,,,,,,,,,,,
552,0.47,No,0.47,0.00,820.00,,,,,,,,,,,,,,,
553,0.35,No,0.25,0.00,820.00,,,,,,,,,,,,,,,
554,0.44,No,0.01,0.00,820.00,,,,,,,,,,,,,,,
555,0.36,No,0.09,0.00,820.00,,,,,,,,,,,,,,,
556,0.87,No,0.64,0.00,820.00,,,,,,,,,,,,,,,
557,0.56,No,0.35,0.00,820.00,,,,,,,,,,,,,,,
558,0.56,No,0.55,0.00,820.00,,,,,,,,,,,,,,,
559,0.72,No,0.23,0.00,820.00,,,,,,,,,,,,,,,
560,0.56,No,0.18,0.00,820.00,,,,,,,,,,,,,,,
561,0.16,Yes,0.43,4000.00,4820.00,,,,,,,,,,,,,,,
562,0.85,No,0.93,0.00,820.00,,,,,,,,,,,,,,,
563,0.88,No,0.73,0.00,820.00,,,,,,,,,,,,,,,
564,0.18,Yes,0.20,2000.00,2820.00,,,,,,,,,,,,,,,
565,0.28,Yes,0.95,20000.00,10820.00,,,,,,,,,,,,,,,
566,0.77,No,0.64,0.00,820.00,,,,,,,,,,,,,,,
567,0.62,No,0.29,0.00,820.00,,,,,,,,,,,,,,,
568,0.17,Yes,0.10,2000.00,2820.00,,,,,,,,,,,,,,,
569,0.26,Yes,0.15,2000.00,2820.00,,,,,,,,,,,,,,,
570,0.28,Yes,0.61,8000.00,8820.00,,,,,,,,,,,,,,,
571,0.85,No,0.74,0.00,820.00,,,,,,,,,,,,,,,
572,0.29,Yes,0.00,2000.00,2820.00,,,,,,,,,,,,,,,
573,0.85,No,0.62,0.00,820.00,,,,,,,,,,,,,,,
574,0.00,Yes,0.09,2000.00,2820.00,,,,,,,,,,,,,,,
575,0.41,No,0.97,0.00,820.00,,,,,,,,,,,,,,,
576,0.03,Yes,0.45,4000.00,4820.00,,,,,,,,,,,,,,,
577,0.79,No,0.12,0.00,820.00,,,,,,,,,,,,,,,
578,0.33,No,0.22,0.00,820.00,,,,,,,,,,,,,,,
579,0.94,No,0.94,0.00,820.00,,,,,,,,,,,,,,,
580,0.66,No,0.39,0.00,820.00,,,,,,,,,,,,,,,
581,0.95,No,0.44,0.00,820.00,,,,,,,,,,,,,,,
582,0.34,No,0.12,0.00,820.00,,,,,,,,,,,,,,,
583,0.28,Yes,0.82,20000.00,10820.00,,,,,,,,,,,,,,,
584,0.86,No,0.99,0.00,820.00,,,,,,,,,,,,,,,
585,0.19,Yes,0.36,4000.00,4820.00,,,,,,,,,,,,,,,
586,0.05,Yes,0.85,20000.00,10820.00,,,,,,,,,,,,,,,
587,0.25,Yes,0.49,4000.00,4820.00,,,,,,,,,,,,,,,
588,0.32,No,0.19,0.00,820.00,,,,,,,,,,,,,,,
589,0.61,No,0.35,0.00,820.00,,,,,,,,,,,,,,,
590,0.36,No,0.54,0.00,820.00,,,,,,,,,,,,,,,
591,0.95,No,0.58,0.00,820.00,,,,,,,,,,,,,,,
592,0.16,Yes,0.15,2000.00,2820.00,,,,,,,,,,,,,,,
593,0.71,No,0.66,0.00,820.00,,,,,,,,,,,,,,,
594,0.77,No,0.98,0.00,820.00,,,,,,,,,,,,,,,
595,0.74,No,0.81,0.00,820.00,,,,,,,,,,,,,,,
596,0.32,No,0.00,0.00,820.00,,,,,,,,,,,,,,,
597,0.32,No,0.17,0.00,820.00,,,,,,,,,,,,,,,
598,0.61,No,0.59,0.00,820.00,,,,,,,,,,,,,,,
599,0.43,No,0.76,0.00,820.00,,,,,,,,,,,,,,,
600,0.84,No,0.96,0.00,820.00,,,,,,,,,,,,,,,
601,0.28,Yes,0.73,12000.00,10820.00,,,,,,,,,,,,,,,
602,0.06,Yes,0.41,4000.00,4820.00,,,,,,,,,,,,,,,
603,0.34,No,0.91,0.00,820.00,,,,,,,,,,,,,,,
604,0.33,No,0.00,0.00,820.00,,,,,,,,,,,,,,,
605,0.40,No,0.42,0.00,820.00,,,,,,,,,,,,,,,
606,0.21,Yes,0.88,20000.00,10820.00,,,,,,,,,,,,,,,
607,0.07,Yes,0.01,2000.00,2820.00,,,,,,,,,,,,,,,
608,0.54,No,0.38,0.00,820.00,,,,,,,,,,,,,,,
609,0.00,Yes,0.10,2000.00,2820.00,,,,,,,,,,,,,,,
610,0.24,Yes,0.39,4000.00,4820.00,,,,,,,,,,,,,,,
611,0.38,No,0.98,0.00,820.00,,,,,,,,,,,,,,,
612,0.05,Yes,0.40,4000.00,4820.00,,,,,,,,,,,,,,,
613,0.91,No,0.65,0.00,820.00,,,,,,,,,,,,,,,
614,0.31,No,0.23,0.00,820.00,,,,,,,,,,,,,,,
615,0.38,No,0.83,0.00,820.00,,,,,,,,,,,,,,,
616,0.97,No,0.68,0.00,820.00,,,,,,,,,,,,,,,
617,0.40,No,1.00,0.00,820.00,,,,,,,,,,,,,,,
618,0.27,Yes,0.42,4000.00,4820.00,,,,,,,,,,,,,,,
619,0.69,No,0.75,0.00,820.00,,,,,,,,,,,,,,,
620,0.91,No,0.03,0.00,820.00,,,,,,,,,,,,,,,
621,0.60,No,0.71,0.00,820.00,,,,,,,,,,,,,,,
622,0.33,No,0.97,0.00,820.00,,,,,,,,,,,,,,,
623,0.68,No,0.13,0.00,820.00,,,,,,,,,,,,,,,
624,0.72,No,0.29,0.00,820.00,,,,,,,,,,,,,,,
625,0.25,Yes,0.23,2000.00,2820.00,,,,,,,,,,,,,,,
626,0.71,No,0.48,0.00,820.00,,,,,,,,,,,,,,,
627,0.33,No,0.77,0.00,820.00,,,,,,,,,,,,,,,
628,0.10,Yes,0.68,12000.00,10820.00,,,,,,,,,,,,,,,
629,0.76,No,0.89,0.00,820.00,,,,,,,,,,,,,,,
630,0.70,No,0.15,0.00,820.00,,,,,,,,,,,,,,,
631,0.21,Yes,0.09,2000.00,2820.00,,,,,,,,,,,,,,,
632,0.14,Yes,0.57,8000.00,8820.00,,,,,,,,,,,,,,,
633,0.48,No,0.96,0.00,820.00,,,,,,,,,,,,,,,
634,0.24,Yes,0.99,20000.00,10820.00,,,,,,,,,,,,,,,
635,0.82,No,0.19,0.00,820.00,,,,,,,,,,,,,,,
636,0.10,Yes,0.46,4000.00,4820.00,,,,,,,,,,,,,,,
637,0.50,No,0.55,0.00,820.00,,,,,,,,,,,,,,,
638,0.25,Yes,0.05,2000.00,2820.00,,,,,,,,,,,,,,,
639,0.71,No,0.68,0.00,820.00,,,,,,,,,,,,,,,
640,0.29,Yes,0.49,4000.00,4820.00,,,,,,,,,,,,,,,
641,0.44,No,0.30,0.00,820.00,,,,,,,,,,,,,,,
642,0.36,No,0.15,0.00,820.00,,,,,,,,,,,,,,,
643,0.54,No,0.86,0.00,820.00,,,,,,,,,,,,,,,
644,0.34,No,0.08,0.00,820.00,,,,,,,,,,,,,,,
645,0.43,No,0.95,0.00,820.00,,,,,,,,,,,,,,,
646,0.33,No,0.28,0.00,820.00,,,,,,,,,,,,,,,
647,0.80,No,0.79,0.00,820.00,,,,,,,,,,,,,,,
648,0.49,No,0.45,0.00,820.00,,,,,,,,,,,,,,,
649,0.45,No,0.45,0.00,820.00,,,,,,,,,,,,,,,
650,0.29,Yes,0.63,12000.00,10820.00,,,,,,,,,,,,,,,
651,0.26,Yes,0.51,4000.00,4820.00,,,,,,,,,,,,,,,
652,0.70,No,0.39,0.00,820.00,,,,,,,,,,,,,,,
653,0.14,Yes,0.16,2000.00,2820.00,,,,,,,,,,,,,,,
654,0.15,Yes,0.40,4000.00,4820.00,,,,,,,,,,,,,,,
655,0.06,Yes,0.66,12000.00,10820.00,,,,,,,,,,,,,,,
656,0.40,No,0.84,0.00,820.00,,,,,,,,,,,,,,,
657,0.98,No,0.59,0.00,820.00,,,,,,,,,,,,,,,
658,0.35,No,0.06,0.00,820.00,,,,,,,,,,,,,,,
659,0.81,No,0.43,0.00,820.00,,,,,,,,,,,,,,,
660,0.93,No,0.58,0.00,820.00,,,,,,,,,,,,,,,
661,0.12,Yes,0.54,8000.00,8820.00,,,,,,,,,,,,,,,
662,0.70,No,0.98,0.00,820.00,,,,,,,,,,,,,,,
663,0.48,No,0.46,0.00,820.00,,,,,,,,,,,,,,,
664,0.88,No,0.02,0.00,820.00,,,,,,,,,,,,,,,
665,0.50,No,0.58,0.00,820.00,,,,,,,,,,,,,,,
666,1.00,No,0.90,0.00,820.00,,,,,,,,,,,,,,,
667,0.18,Yes,0.74,12000.00,10820.00,,,,,,,,,,,,,,,
668,0.29,Yes,0.54,8000.00,8820.00,,,,,,,,,,,,,,,
669,0.33,No,0.95,0.00,820.00,,,,,,,,,,,,,,,
670,0.20,Yes,0.88,20000.00,10820.00,,,,,,,,,,,,,,,
671,0.47,No,0.79,0.00,820.00,,,,,,,,,,,,,,,
672,0.48,No,0.54,0.00,820.00,,,,,,,,,,,,,,,
673,0.77,No,0.76,0.00,820.00,,,,,,,,,,,,,,,
674,0.10,Yes,0.41,4000.00,4820.00,,,,,,,,,,,,,,,
675,0.97,No,0.88,0.00,820.00,,,,,,,,,,,,,,,
676,0.22,Yes,0.17,2000.00,2820.00,,,,,,,,,,,,,,,
677,0.12,Yes,0.26,2000.00,2820.00,,,,,,,,,,,,,,,
678,0.03,Yes,0.91,20000.00,10820.00,,,,,,,,,,,,,,,
679,0.56,No,0.56,0.00,820.00,,,,,,,,,,,,,,,
680,0.03,Yes,0.71,12000.00,10820.00,,,,,,,,,,,,,,,
681,0.71,No,0.03,0.00,820.00,,,,,,,,,,,,,,,
682,0.64,No,0.10,0.00,820.00,,,,,,,,,,,,,,,
683,1.00,No,0.69,0.00,820.00,,,,,,,,,,,,,,,
684,0.71,No,0.75,0.00,820.00,,,,,,,,,,,,,,,
685,0.78,No,0.06,0.00,820.00,,,,,,,,,,,,,,,
686,0.75,No,0.91,0.00,820.00,,,,,,,,,,,,,,,
687,0.39,No,0.51,0.00,820.00,,,,,,,,,,,,,,,
688,0.47,No,0.78,0.00,820.00,,,,,,,,,,,,,,,
689,0.26,Yes,0.97,20000.00,10820.00,,,,,,,,,,,,,,,
690,0.26,Yes,0.66,12000.00,10820.00,,,,,,,,,,,,,,,
691,0.69,No,0.88,0.00,820.00,,,,,,,,,,,,,,,
692,0.91,No,0.40,0.00,820.00,,,,,,,,,,,,,,,
693,0.37,No,0.54,0.00,820.00,,,,,,,,,,,,,,,
694,0.66,No,0.96,0.00,820.00,,,,,,,,,,,,,,,
695,0.14,Yes,0.68,12000.00,10820.00,,,,,,,,,,,,,,,
696,0.43,No,0.43,0.00,820.00,,,,,,,,,,,,,,,
697,0.38,No,0.28,0.00,820.00,,,,,,,,,,,,,,,
698,0.55,No,0.93,0.00,820.00,,,,,,,,,,,,,,,
699,0.66,No,0.77,0.00,820.00,,,,,,,,,,,,,,,
700,0.25,Yes,0.02,2000.00,2820.00,,,,,,,,,,,,,,,
701,0.87,No,0.93,0.00,820.00,,,,,,,,,,,,,,,
702,0.82,No,0.38,0.00,820.00,,,,,,,,,,,,,,,
703,0.15,Yes,0.01,2000.00,2820.00,,,,,,,,,,,,,,,
704,0.62,No,0.36,0.00,820.00,,,,,,,,,,,,,,,
705,0.93,No,0.66,0.00,820.00,,,,,,,,,,,,,,,
706,0.80,No,0.72,0.00,820.00,,,,,,,,,,,,,,,
707,0.74,No,0.45,0.00,820.00,,,,,,,,,,,,,,,
708,0.46,No,0.87,0.00,820.00,,,,,,,,,,,,,,,
709,0.71,No,0.52,0.00,820.00,,,,,,,,,,,,,,,
710,0.68,No,0.46,0.00,820.00,,,,,,,,,,,,,,,
711,0.27,Yes,0.21,2000.00,2820.00,,,,,,,,,,,,,,,
712,0.18,Yes,0.65,12000.00,10820.00,,,,,,,,,,,,,,,
713,0.04,Yes,0.17,2000.00,2820.00,,,,,,,,,,,,,,,
714,0.79,No,0.50,0.00,820.00,,,,,,,,,,,,,,,
715,0.26,Yes,0.94,20000.00,10820.00,,,,,,,,,,,,,,,
716,0.54,No,0.76,0.00,820.00,,,,,,,,,,,,,,,
717,0.59,No,0.30,0.00,820.00,,,,,,,,,,,,,,,
718,0.26,Yes,0.06,2000.00,2820.00,,,,,,,,,,,,,,,
719,0.06,Yes,0.32,4000.00,4820.00,,,,,,,,,,,,,,,
720,0.63,No,0.05,0.00,820.00,,,,,,,,,,,,,,,
721,0.35,No,0.50,0.00,820.00,,,,,,,,,,,,,,,
722,0.18,Yes,0.11,2000.00,2820.00,,,,,,,,,,,,,,,
723,0.29,Yes,0.26,2000.00,2820.00,,,,,,,,,,,,,,,
724,0.84,No,0.37,0.00,820.00,,,,,,,,,,,,,,,
725,0.63,No,0.78,0.00,820.00,,,,,,,,,,,,,,,
726,0.87,No,0.46,0.00,820.00,,,,,,,,,,,,,,,
727,0.66,No,0.86,0.00,820.00,,,,,,,,,,,,,,,
728,0.59,No,0.80,0.00,820.00,,,,,,,,,,,,,,,
729,0.76,No,0.42,0.00,820.00,,,,,,,,,,,,,,,
730,0.65,No,0.45,0.00,820.00,,,,,,,,,,,,,,,
731,0.63,No,0.76,0.00,820.00,,,,,,,,,,,,,,,
732,0.83,No,0.66,0.00,820.00,,,,,,,,,,,,,,,
733,0.22,Yes,0.22,2000.00,2820.00,,,,,,,,,,,,,,,
734,0.99,No,0.60,0.00,820.00,,,,,,,,,,,,,,,
735,0.84,No,0.77,0.00,820.00,,,,,,,,,,,,,,,
736,0.92,No,0.76,0.00,820.00,,,,,,,,,,,,,,,
737,0.87,No,0.79,0.00,820.00,,,,,,,,,,,,,,,
738,0.16,Yes,0.73,12000.00,10820.00,,,,,,,,,,,,,,,
739,0.21,Yes,0.76,12000.00,10820.00,,,,,,,,,,,,,,,
740,0.10,Yes,0.29,2000.00,2820.00,,,,,,,,,,,,,,,
741,0.07,Yes,0.40,4000.00,4820.00,,,,,,,,,,,,,,,
742,0.51,No,0.06,0.00,820.00,,,,,,,,,,,,,,,
743,0.89,No,0.59,0.00,820.00,,,,,,,,,,,,,,,
744,0.64,No,0.96,0.00,820.00,,,,,,,,,,,,,,,
745,0.60,No,0.36,0.00,820.00,,,,,,,,,,,,,,,
746,0.15,Yes,0.23,2000.00,2820.00,,,,,,,,,,,,,,,
747,0.32,No,0.20,0.00,820.00,,,,,,,,,,,,,,,
748,0.76,No,0.38,0.00,820.00,,,,,,,,,,,,,,,
749,0.95,No,0.97,0.00,820.00,,,,,,,,,,,,,,,
750,0.78,No,0.46,0.00,820.00,,,,,,,,,,,,,,,
751,0.62,No,0.60,0.00,820.00,,,,,,,,,,,,,,,
752,0.91,No,0.79,0.00,820.00,,,,,,,,,,,,,,,
753,0.19,Yes,0.42,4000.00,4820.00,,,,,,,,,,,,,,,
754,0.09,Yes,0.42,4000.00,4820.00,,,,,,,,,,,,,,,
755,0.97,No,0.49,0.00,820.00,,,,,,,,,,,,,,,
756,0.90,No,0.26,0.00,820.00,,,,,,,,,,,,,,,
757,0.70,No,0.85,0.00,820.00,,,,,,,,,,,,,,,
758,0.89,No,0.69,0.00,820.00,,,,,,,,,,,,,,,
759,0.67,No,0.71,0.00,820.00,,,,,,,,,,,,,,,
760,0.10,Yes,0.91,20000.00,10820.00,,,,,,,,,,,,,,,
761,0.86,No,0.56,0.00,820.00,,,,,,,,,,,,,,,
762,0.94,No,0.92,0.00,820.00,,,,,,,,,,,,,,,
763,0.04,Yes,0.24,2000.00,2820.00,,,,,,,,,,,,,,,
764,0.98,No,0.91,0.00,820.00,,,,,,,,,,,,,,,
765,0.97,No,0.57,0.00,820.00,,,,,,,,,,,,,,,
766,0.76,No,0.23,0.00,820.00,,,,,,,,,,,,,,,
767,0.72,No,0.90,0.00,820.00,,,,,,,,,,,,,,,
768,0.16,Yes,0.06,2000.00,2820.00,,,,,,,,,,,,,,,
769,0.15,Yes,0.15,2000.00,2820.00,,,,,,,,,,,,,,,
770,0.50,No,0.22,0.00,820.00,,,,,,,,,,,,,,,
771,0.57,No,0.89,0.00,820.00,,,,,,,,,,,,,,,
772,0.82,No,0.31,0.00,820.00,,,,,,,,,,,,,,,
773,0.39,No,0.72,0.00,820.00,,,,,,,,,,,,,,,
774,0.71,No,0.52,0.00,820.00,,,,,,,,,,,,,,,
775,0.55,No,0.02,0.00,820.00,,,,,,,,,,,,,,,
776,0.71,No,0.49,0.00,820.00,,,,,,,,,,,,,,,
777,0.46,No,0.52,0.00,820.00,,,,,,,,,,,,,,,
778,0.91,No,0.23,0.00,820.00,,,,,,,,,,,,,,,
779,0.27,Yes,0.66,12000.00,10820.00,,,,,,,,,,,,,,,
780,0.53,No,0.11,0.00,820.00,,,,,,,,,,,,,,,
781,0.13,Yes,0.77,12000.00,10820.00,,,,,,,,,,,,,,,
782,0.89,No,0.70,0.00,820.00,,,,,,,,,,,,,,,
783,0.96,No,0.21,0.00,820.00,,,,,,,,,,,,,,,
784,0.47,No,0.80,0.00,820.00,,,,,,,,,,,,,,,
785,0.61,No,0.20,0.00,820.00,,,,,,,,,,,,,,,
786,0.27,Yes,0.06,2000.00,2820.00,,,,,,,,,,,,,,,
787,0.30,No,0.59,0.00,820.00,,,,,,,,,,,,,,,
788,0.10,Yes,0.15,2000.00,2820.00,,,,,,,,,,,,,,,
789,0.27,Yes,0.19,2000.00,2820.00,,,,,,,,,,,,,,,
790,0.47,No,0.16,0.00,820.00,,,,,,,,,,,,,,,
791,0.59,No,0.73,0.00,820.00,,,,,,,,,,,,,,,
792,0.99,No,0.38,0.00,820.00,,,,,,,,,,,,,,,
793,0.28,Yes,0.05,2000.00,2820.00,,,,,,,,,,,,,,,
794,0.81,No,0.51,0.00,820.00,,,,,,,,,,,,,,,
795,0.06,Yes,0.23,2000.00,2820.00,,,,,,,,,,,,,,,
796,0.35,No,0.15,0.00,820.00,,,,,,,,,,,,,,,
797,0.93,No,0.92,0.00,820.00,,,,,,,,,,,,,,,
798,0.60,No,0.81,0.00,820.00,,,,,,,,,,,,,,,
799,0.68,No,0.12,0.00,820.00,,,,,,,,,,,,,,,
800,0.90,No,0.65,0.00,820.00,,,,,,,,,,,,,,,
801,0.96,No,0.64,0.00,820.00,,,,,,,,,,,,,,,
802,0.38,No,0.84,0.00,820.00,,,,,,,,,,,,,,,
803,0.88,No,0.50,0.00,820.00,,,,,,,,,,,,,,,
804,0.11,Yes,0.25,2000.00,2820.00,,,,,,,,,,,,,,,
805,0.45,No,0.47,0.00,820.00,,,,,,,,,,,,,,,
806,0.06,Yes,0.25,2000.00,2820.00,,,,,,,,,,,,,,,
807,0.03,Yes,0.20,2000.00,2820.00,,,,,,,,,,,,,,,
808,0.78,No,0.30,0.00,820.00,,,,,,,,,,,,,,,
809,0.29,Yes,0.57,8000.00,8820.00,,,,,,,,,,,,,,,
810,0.81,No,1.00,0.00,820.00,,,,,,,,,,,,,,,
811,0.48,No,0.21,0.00,820.00,,,,,,,,,,,,,,,
812,0.84,No,0.62,0.00,820.00,,,,,,,,,,,,,,,
813,0.11,Yes,0.02,2000.00,2820.00,,,,,,,,,,,,,,,
814,0.57,No,0.67,0.00,820.00,,,,,,,,,,,,,,,
815,0.51,No,0.51,0.00,820.00,,,,,,,,,,,,,,,
816,0.72,No,0.65,0.00,820.00,,,,,,,,,,,,,,,
817,0.64,No,0.31,0.00,820.00,,,,,,,,,,,,,,,
818,0.20,Yes,0.02,2000.00,2820.00,,,,,,,,,,,,,,,
819,0.66,No,0.70,0.00,820.00,,,,,,,,,,,,,,,
820,0.61,No,0.81,0.00,820.00,,,,,,,,,,,,,,,
821,0.07,Yes,0.30,2000.00,2820.00,,,,,,,,,,,,,,,
822,0.37,No,0.06,0.00,820.00,,,,,,,,,,,,,,,
823,0.88,No,0.08,0.00,820.00,,,,,,,,,,,,,,,
824,0.52,No,0.12,0.00,820.00,,,,,,,,,,,,,,,
825,0.86,No,0.49,0.00,820.00,,,,,,,,,,,,,,,
826,0.18,Yes,0.61,12000.00,10820.00,,,,,,,,,,,,,,,
827,0.28,Yes,0.26,2000.00,2820.00,,,,,,,,,,,,,,,
828,0.11,Yes,0.96,20000.00,10820.00,,,,,,,,,,,,,,,
829,0.60,No,0.09,0.00,820.00,,,,,,,,,,,,,,,
830,0.04,Yes,0.45,4000.00,4820.00,,,,,,,,,,,,,,,
831,0.29,Yes,0.02,2000.00,2820.00,,,,,,,,,,,,,,,
832,0.44,No,0.52,0.00,820.00,,,,,,,,,,,,,,,
833,0.41,No,0.62,0.00,820.00,,,,,,,,,,,,,,,
834,0.24,Yes,0.08,2000.00,2820.00,,,,,,,,,,,,,,,
835,0.55,No,0.48,0.00,820.00,,,,,,,,,,,,,,,
836,0.29,Yes,0.68,12000.00,10820.00,,,,,,,,,,,,,,,
837,0.54,No,0.77,0.00,820.00,,,,,,,,,,,,,,,
838,0.27,Yes,0.36,4000.00,4820.00,,,,,,,,,,,,,,,
839,0.62,No,0.47,0.00,820.00,,,,,,,,,,,,,,,
840,0.43,No,0.75,0.00,820.00,,,,,,,,,,,,,,,
841,0.08,Yes,0.61,12000.00,10820.00,,,,,,,,,,,,,,,
842,0.36,No,0.28,0.00,820.00,,,,,,,,,,,,,,,
843,0.65,No,0.62,0.00,820.00,,,,,,,,,,,,,,,
844,0.79,No,0.00,0.00,820.00,,,,,,,,,,,,,,,
845,0.57,No,0.05,0.00,820.00,,,,,,,,,,,,,,,
846,0.39,No,0.34,0.00,820.00,,,,,,,,,,,,,,,
847,0.53,No,0.13,0.00,820.00,,,,,,,,,,,,,,,
848,0.06,Yes,0.89,20000.00,10820.00,,,,,,,,,,,,,,,
849,0.07,Yes,0.23,2000.00,2820.00,,,,,,,,,,,,,,,
850,0.56,No,0.80,0.00,820.00,,,,,,,,,,,,,,,
851,0.28,Yes,0.71,12000.00,10820.00,,,,,,,,,,,,,,,
852,0.45,No,0.77,0.00,820.00,,,,,,,,,,,,,,,
853,0.38,No,0.82,0.00,820.00,,,,,,,,,,,,,,,
854,0.78,No,0.76,0.00,820.00,,,,,,,,,,,,,,,
855,0.95,No,0.62,0.00,820.00,,,,,,,,,,,,,,,
856,0.67,No,0.83,0.00,820.00,,,,,,,,,,,,,,,
857,0.64,No,0.69,0.00,820.00,,,,,,,,,,,,,,,
858,0.99,No,0.38,0.00,820.00,,,,,,,,,,,,,,,
859,0.23,Yes,0.39,4000.00,4820.00,,,,,,,,,,,,,,,
860,0.75,No,0.03,0.00,820.00,,,,,,,,,,,,,,,
861,0.61,No,0.17,0.00,820.00,,,,,,,,,,,,,,,
862,0.88,No,0.54,0.00,820.00,,,,,,,,,,,,,,,
863,0.28,Yes,0.73,12000.00,10820.00,,,,,,,,,,,,,,,
864,0.06,Yes,0.23,2000.00,2820.00,,,,,,,,,,,,,,,
865,0.22,Yes,0.52,8000.00,8820.00,,,,,,,,,,,,,,,
866,0.21,Yes,0.38,4000.00,4820.00,,,,,,,,,,,,,,,
867,0.51,No,0.01,0.00,820.00,,,,,,,,,,,,,,,
868,0.83,No,0.26,0.00,820.00,,,,,,,,,,,,,,,
869,0.84,No,0.59,0.00,820.00,,,,,,,,,,,,,,,
870,0.97,No,0.75,0.00,820.00,,,,,,,,,,,,,,,
871,0.69,No,0.93,0.00,820.00,,,,,,,,,,,,,,,
872,0.08,Yes,0.24,2000.00,2820.00,,,,,,,,,,,,,,,
873,0.62,No,0.58,0.00,820.00,,,,,,,,,,,,,,,
874,0.32,No,0.87,0.00,820.00,,,,,,,,,,,,,,,
875,0.10,Yes,0.75,12000.00,10820.00,,,,,,,,,,,,,,,
876,0.90,No,0.41,0.00,820.00,,,,,,,,,,,,,,,
877,0.18,Yes,0.86,20000.00,10820.00,,,,,,,,,,,,,,,
878,0.39,No,0.02,0.00,820.00,,,,,,,,,,,,,,,
879,0.07,Yes,0.90,20000.00,10820.00,,,,,,,,,,,,,,,
880,0.85,No,0.19,0.00,820.00,,,,,,,,,,,,,,,
881,0.24,Yes,0.03,2000.00,2820.00,,,,,,,,,,,,,,,
882,0.30,No,0.71,0.00,820.00,,,,,,,,,,,,,,,
883,0.89,No,0.29,0.00,820.00,,,,,,,,,,,,,,,
884,0.32,No,0.25,0.00,820.00,,,,,,,,,,,,,,,
885,0.91,No,0.29,0.00,820.00,,,,,,,,,,,,,,,
886,0.19,Yes,0.68,12000.00,10820.00,,,,,,,,,,,,,,,
887,0.91,No,0.58,0.00,820.00,,,,,,,,,,,,,,,
888,0.24,Yes,0.58,8000.00,8820.00,,,,,,,,,,,,,,,
889,0.49,No,0.95,0.00,820.00,,,,,,,,,,,,,,,
890,0.90,No,0.49,0.00,820.00,,,,,,,,,,,,,,,
891,0.93,No,0.03,0.00,820.00,,,,,,,,,,,,,,,
892,0.38,No,0.88,0.00,820.00,,,,,,,,,,,,,,,
893,0.46,No,0.52,0.00,820.00,,,,,,,,,,,,,,,
894,0.55,No,0.91,0.00,820.00,,,,,,,,,,,,,,,
895,0.12,Yes,0.98,20000.00,10820.00,,,,,,,,,,,,,,,
896,0.05,Yes,0.30,2000.00,2820.00,,,,,,,,,,,,,,,
897,0.76,No,0.72,0.00,820.00,,,,,,,,,,,,,,,
898,0.24,Yes,0.99,20000.00,10820.00,,,,,,,,,,,,,,,
899,0.10,Yes,0.10,2000.00,2820.00,,,,,,,,,,,,,,,
900,0.70,No,0.86,0.00,820.00,,,,,,,,,,,,,,,
901,0.86,No,0.55,0.00,820.00,,,,,,,,,,,,,,,
902,0.42,No,0.22,0.00,820.00,,,,,,,,,,,,,,,
903,0.58,No,0.70,0.00,820.00,,,,,,,,,,,,,,,
904,0.45,No,0.57,0.00,820.00,,,,,,,,,,,,,,,
905,0.10,Yes,0.57,8000.00,8820.00,,,,,,,,,,,,,,,
906,0.63,No,0.64,0.00,820.00,,,,,,,,,,,,,,,
907,0.51,No,0.81,0.00,820.00,,,,,,,,,,,,,,,
908,0.81,No,0.53,0.00,820.00,,,,,,,,,,,,,,,
909,0.26,Yes,0.61,12000.00,10820.00,,,,,,,,,,,,,,,
910,0.92,No,0.25,0.00,820.00,,,,,,,,,,,,,,,
911,0.68,No,0.30,0.00,820.00,,,,,,,,,,,,,,,
912,0.86,No,0.28,0.00,820.00,,,,,,,,,,,,,,,
913,0.02,Yes,0.62,12000.00,10820.00,,,,,,,,,,,,,,,
914,0.82,No,0.64,0.00,820.00,,,,,,,,,,,,,,,
915,0.07,Yes,0.56,8000.00,8820.00,,,,,,,,,,,,,,,
916,0.79,No,0.91,0.00,820.00,,,,,,,,,,,,,,,
917,0.63,No,0.97,0.00,820.00,,,,,,,,,,,,,,,
918,0.01,Yes,0.05,2000.00,2820.00,,,,,,,,,,,,,,,
919,0.42,No,0.39,0.00,820.00,,,,,,,,,,,,,,,
920,0.91,No,0.09,0.00,820.00,,,,,,,,,,,,,,,
921,0.01,Yes,0.86,20000.00,10820.00,,,,,,,,,,,,,,,
922,0.21,Yes,0.61,8000.00,8820.00,,,,,,,,,,,,,,,
923,0.91,No,0.07,0.00,820.00,,,,,,,,,,,,,,,
924,0.53,No,0.42,0.00,820.00,,,,,,,,,,,,,,,
925,0.97,No,0.82,0.00,820.00,,,,,,,,,,,,,,,
926,0.32,No,0.75,0.00,820.00,,,,,,,,,,,,,,,
927,0.05,Yes,0.75,12000.00,10820.00,,,,,,,,,,,,,,,
928,1.00,No,0.45,0.00,820.00,,,,,,,,,,,,,,,
929,0.72,No,0.58,0.00,820.00,,,,,,,,,,,,,,,
930,0.90,No,0.09,0.00,820.00,,,,,,,,,,,,,,,
931,0.34,No,0.50,0.00,820.00,,,,,,,,,,,,,,,
932,0.36,No,0.95,0.00,820.00,,,,,,,,,,,,,,,
933,0.86,No,0.03,0.00,820.00,,,,,,,,,,,,,,,
934,0.93,No,0.87,0.00,820.00,,,,,,,,,,,,,,,
935,0.47,No,0.76,0.00,820.00,,,,,,,,,,,,,,,
936,0.44,No,0.62,0.00,820.00,,,,,,,,,,,,,,,
937,0.58,No,0.81,0.00,820.00,,,,,,,,,,,,,,,
938,0.59,No,0.27,0.00,820.00,,,,,,,,,,,,,,,
939,0.15,Yes,0.94,20000.00,10820.00,,,,,,,,,,,,,,,
940,0.80,No,0.24,0.00,820.00,,,,,,,,,,,,,,,
941,0.52,No,0.92,0.00,820.00,,,,,,,,,,,,,,,
942,0.20,Yes,0.68,12000.00,10820.00,,,,,,,,,,,,,,,
943,0.50,No,0.55,0.00,820.00,,,,,,,,,,,,,,,
944,0.13,Yes,0.03,2000.00,2820.00,,,,,,,,,,,,,,,
945,0.58,No,0.26,0.00,820.00,,,,,,,,,,,,,,,
946,0.03,Yes,0.42,4000.00,4820.00,,,,,,,,,,,,,,,
947,0.51,No,0.19,0.00,820.00,,,,,,,,,,,,,,,
948,0.00,Yes,0.16,2000.00,2820.00,,,,,,,,,,,,,,,
949,0.89,No,0.45,0.00,820.00,,,,,,,,,,,,,,,
950,0.35,No,0.20,0.00,820.00,,,,,,,,,,,,,,,
951,0.32,No,0.52,0.00,820.00,,,,,,,,,,,,,,,
952,0.16,Yes,0.80,12000.00,10820.00,,,,,,,,,,,,,,,
953,0.69,No,0.10,0.00,820.00,,,,,,,,,,,,,,,
954,0.58,No,0.01,0.00,820.00,,,,,,,,,,,,,,,
955,0.38,No,0.13,0.00,820.00,,,,,,,,,,,,,,,
956,0.88,No,0.65,0.00,820.00,,,,,,,,,,,,,,,
957,0.47,No,0.54,0.00,820.00,,,,,,,,,,,,,,,
958,0.75,No,0.45,0.00,820.00,,,,,,,,,,,,,,,
959,0.96,No,0.15,0.00,820.00,,,,,,,,,,,,,,,
960,0.04,Yes,0.91,20000.00,10820.00,,,,,,,,,,,,,,,
961,0.17,Yes,0.45,4000.00,4820.00,,,,,,,,,,,,,,,
962,0.77,No,0.93,0.00,820.00,,,,,,,,,,,,,,,
963,0.39,No,0.41,0.00,820.00,,,,,,,,,,,,,,,
964,0.28,Yes,0.71,12000.00,10820.00,,,,,,,,,,,,,,,
965,0.27,Yes,0.16,2000.00,2820.00,,,,,,,,,,,,,,,
966,0.90,No,0.86,0.00,820.00,,,,,,,,,,,,,,,
967,0.10,Yes,0.50,4000.00,4820.00,,,,,,,,,,,,,,,
968,0.53,No,0.70,0.00,820.00,,,,,,,,,,,,,,,
969,0.77,No,0.04,0.00,820.00,,,,,,,,,,,,,,,
970,0.94,No,0.14,0.00,820.00,,,,,,,,,,,,,,,
971,0.37,No,0.72,0.00,820.00,,,,,,,,,,,,,,,
972,0.16,Yes,0.25,2000.00,2820.00,,,,,,,,,,,,,,,
973,0.20,Yes,0.16,2000.00,2820.00,,,,,,,,,,,,,,,
974,0.84,No,0.78,0.00,820.00,,,,,,,,,,,,,,,
975,0.54,No,0.17,0.00,820.00,,,,,,,,,,,,,,,
976,0.47,No,0.10,0.00,820.00,,,,,,,,,,,,,,,
977,0.37,No,0.13,0.00,820.00,,,,,,,,,,,,,,,
978,0.56,No,0.17,0.00,820.00,,,,,,,,,,,,,,,
979,0.77,No,0.47,0.00,820.00,,,,,,,,,,,,,,,
980,0.60,No,0.09,0.00,820.00,,,,,,,,,,,,,,,
981,0.17,Yes,0.85,20000.00,10820.00,,,,,,,,,,,,,,,
982,0.15,Yes,0.87,20000.00,10820.00,,,,,,,,,,,,,,,
983,0.45,No,0.57,0.00,820.00,,,,,,,,,,,,,,,
984,0.68,No,0.86,0.00,820.00,,,,,,,,,,,,,,,
985,0.46,No,0.77,0.00,820.00,,,,,,,,,,,,,,,
986,0.60,No,0.83,0.00,820.00,,,,,,,,,,,,,,,
987,0.92,No,0.00,0.00,820.00,,,,,,,,,,,,,,,
988,0.44,No,0.00,0.00,820.00,,,,,,,,,,,,,,,
989,0.89,No,0.72,0.00,820.00,,,,,,,,,,,,,,,
990,0.90,No,0.69,0.00,820.00,,,,,,,,,,,,,,,
991,0.81,No,0.69,0.00,820.00,,,,,,,,,,,,,,,
992,0.86,No,0.37,0.00,820.00,,,,,,,,,,,,,,,
993,0.57,No,0.53,0.00,820.00,,,,,,,,,,,,,,,
994,0.90,No,0.49,0.00,820.00,,,,,,,,,,,,,,,
995,0.24,Yes,0.42,4000.00,4820.00,,,,,,,,,,,,,,,
996,0.69,No,0.27,0.00,820.00,,,,,,,,,,,,,,,
997,0.73,No,0.36,0.00,820.00,,,,,,,,,,,,,,,
998,0.37,No,0.50,0.00,820.00,,,,,,,,,,,,,,,
999,0.89,No,0.49,0.00,820.00,,,,,,,,,,,,,,,
1000,0.20,Yes,0.14,2000.00,2820.00,,,,,,,,,,,,,,,
